INSERT INTO patients(id, `name`)
VALUES
  (1,'Leif Weyand'),
  (2,'Claris Blackford'),
  (3,'Lessie Grear'),
  (4,'Reyes Callaghan'),
  (5,'Herb Relyea'),
  (6,'Gale Klingenberg'),
  (7,'Margene Lore'),
  (8,'Demarcus Glassford'),
  (9,'Anamaria Manthe'),
  (10,'Farrah Lanphere');

INSERT INTO hospitals(id, `name`)
VALUES 
  (1,'Flowerhill General Hospital'),
  (2,'Tranquil Valley Community Hospital'),
  (3,'Paradise Grove Hospital Center'),
  (4,'Principal Community Hospital'),
  (5,'Bayhealth General Hospital'),
  (6,'Lilypad Medical Clinic'),
  (7,'White Blossom Clinic');
  
INSERT INTO visits(hospital_id, patient_id) 
VALUES 
  (1, 1),
  (1, 1),
  (1, 1),
  (1, 1),
  (1, 2),
  (1, 3),
  (1, 3),
  (1, 5),
  (1, 5),
  (1, 6),
  (1, 6),
  (1, 6),
  (1, 7),
  (1, 9),
  (1, 9),
  (1, 10),
  (2, 3),
  (2, 3),
  (2, 4),
  (2, 4),
  (2, 4),
  (2, 4),
  (2, 5),
  (2, 5),
  (2, 5),
  (2, 6),
  (2, 7),
  (2, 7),
  (2, 7),
  (2, 8),
  (2, 10),
  (2, 10),
  (2, 10),
  (2, 10),
  (2, 10),
  (2, 10),
  (2, 10),
  (2, 10),
  (3, 2),
  (3, 2),
  (3, 2),
  (3, 2),
  (3, 2),
  (3, 3),
  (3, 3),
  (3, 5),
  (3, 5),
  (3, 5),
  (3, 5),
  (3, 6),
  (3, 7),
  (3, 7),
  (3, 7),
  (3, 8),
  (3, 8),
  (3, 8),
  (3, 8),
  (3, 8),
  (3, 8),
  (4, 1),
  (4, 1),
  (4, 1),
  (4, 2),
  (4, 3),
  (4, 3),
  (4, 4),
  (4, 4),
  (4, 4),
  (4, 4),
  (4, 4),
  (4, 4),
  (4, 4),
  (4, 5),
  (4, 5),
  (4, 5),
  (4, 5),
  (4, 5),
  (4, 5),
  (4, 5),
  (4, 5),
  (4, 5),
  (4, 8),
  (4, 8),
  (4, 8),
  (4, 10),
  (4, 10),
  (5, 1),
  (5, 1),
  (5, 1),
  (5, 1),
  (5, 1),
  (5, 1),
  (5, 2),
  (5, 2),
  (5, 2),
  (5, 3),
  (5, 6),
  (5, 6),
  (5, 6),
  (5, 6),
  (5, 7),
  (5, 7),
  (5, 7),
  (5, 8),
  (5, 8),
  (5, 8),
  (5, 8),
  (5, 8),
  (5, 9),
  (5, 9),
  (6, 1),
  (6, 1),
  (6, 1),
  (6, 1),
  (6, 1),
  (6, 1),
  (6, 6),
  (6, 6),
  (6, 6),
  (6, 7),
  (6, 7),
  (6, 8),
  (6, 9),
  (6, 9),
  (6, 9),
  (6, 9),
  (6, 9),
  (6, 9),
  (6, 9),
  (6, 10),
  (6, 10),
  (7, 2),
  (7, 2),
  (7, 2),
  (7, 2),
  (7, 4),
  (7, 4),
  (7, 4),
  (7, 4),
  (7, 4),
  (7, 4),
  (7, 4),
  (7, 4),
  (7, 4),
  (7, 4),
  (7, 4),
  (7, 4),
  (7, 4),
  (7, 4),
  (7, 10),
  (7, 10),
  (7, 10),
  (7, 10),
  (7, 10),
  (7, 10);